country_code	adm1
YEM	'Amran_Governorate
SAU	'Asir
TON	'Eua
AZE	??????????_?????_(Martakert_Province)
AZE	?????????_?????
AZE	????????_????
AZE	????????_?????
AZE	??????_?????
MNE	?Abljak_Municipality
YEM	?Adan_Governorate
MLT	?Al_Kirkop
TUR	?Anliurfa
MNE	?Avnik_Municipality
MLT	?Ebbu?
MLT	?Ejtun
TUR	?Irnak
MLT	?Urrieq
TUR	?Zm?R
WSM	A'Ana
PRY	A'Eembucu
TUR	A?Ri
CHE	Aargau
NGA	Abia
ITA	Abruzzo
AZE	Abseron_Rayonu
ARE	Abu_Dhabi
YEM	Abyan_Governorate
IDN	Aceh
BHS	Acklins
MYT	Acoua
SMR	Acquaviva
BRA	Acre
OMN	Ad_Dakhiliyah
YEM	Ad_Dali'_Governorate
NGA	Adamawa
TUR	Adana
ETH	Addis_Ababa
MDV	Addu
TUR	Adiyaman
MRT	Adrar
RUS	Adygea
ETH	Afar
TUR	Afyonkarah?Sar
NER	Agadez
GUM	Agana_Heights
GUM	Agat
AZE	Agcab?Di_Rayonu
AZE	Agdam_Rayonu
AZE	Agdas_Rayonu
NOR	Agder
GRC	Agion_Oros
AZE	Agstafa_Rayonu
AZE	Agsu_Rayonu
MEX	Aguascalientes
TKM	Ahal_Region
KWT	Ahmadi
SLV	Ahuachapan
JPN	Aichi
WSM	Aiga_I_Le_Tai
TLS	Aileu
MHL	Ailinglaplap
MHL	Ailuk
PLW	Aimeliik
DZA	Ain_Defla
DZA	Ain_Temouchent
TLS	Ainaro
PLW	Airai
NRU	Aiwo
JOR	Ajlun
ARE	Ajman
JPN	Akita
KAZ	Akmola_Region
TUR	Aksaray
KAZ	Aktobe_Region
NGA	Akwa_Lbom
IRQ	Al_Anbar
KWT	Al_Asimah
SAU	Al_Bahah
OMN	Al_Batinah
YEM	Al_Bayda'_Governorate
QAT	Al_Daayen
SYR	Al_Hasakah
YEM	Al_Hudaydah_Governorate
SAU	Al_Jawf
YEM	Al_Jawf_Governorate
QAT	Al_Khor_And_Al_Thakhira
YEM	Al_Mahrah_Governorate
YEM	Al_Mahwit_Governorate
IRQ	Al_Qadisiyah
SAU	Al_Qassim
QAT	Al_Rayyan
QAT	Al_Shamal
EGY	Al_Sharqia
QAT	Al_Sheehaniya
LBY	Al_Wahat
QAT	Al_Wakra
OMN	Al_Wusta
USA	Alabama
BRA	Alagoas
FIN	Aland_Islands
MDG	Alaotra_Mangoro
USA	Alaska
ROU	Alba
CAN	Alberta
IRN	Alborz
SYR	Aleppo
EGY	Alexandria
DZA	Algiers
DJI	Ali_Sabieh
BEN	Alibori
MDV	Alif_Alif
KAZ	Almaty
KAZ	Almaty_Region
GTM	Alta_Verapaz
RUS	Altai_Krai
RUS	Altai_Republic
PRY	Alto_Paraguay
PRY	Alto_Parana
LTU	Alytus
PRY	Amambay
BRA	Amapa
TUR	Amasya
BRA	Amazonas
VEN	Amazonas_State
USA	American_Samoa
ETH	Amhara
JOR	Amman
THA	Amnat_Charoen_Province
MDG	Amoron'I_Mania
RUS	Amur
VNM	An_Giang
NRU	Anabar
MDG	Analamanga
MDG	Analanjirofo
NGA	Anambra
PER	Ancash
ESP	Andalucia
IND	Andaman_And_Nicobar_Islands
IND	Andhra_Pradesh
UZB	Andijan_Region
AND	Andorra_La_Vella
MNE	Andrijevica_Municipality
MDG	Androy
VGB	Anegada
NRU	Anetan
THA	Ang_Thong_Province
PLW	Angaur
CHN	Anhui
COM	Anjouan
TUR	Ankara
DZA	Annaba
GNQ	Annobon
MDG	Anosy
SYC	Anse_Aux_P
SYC	Anse_Boile
SYC	Anse_Etoil
LCA	Anse_La_Raye
SYC	Anse_Royal
ERI	Anseba_Region
TUR	Antalya
COL	Antioquia
CHL	Antofagasta
VEN	Anzoategui
JPN	Aomori
CHE	Appenzell_Ausserrhoden
CHE	Appenzell_Innerrhoden
VEN	Apure
PER	Apurimac
JOR	Aqaba
SYR	Ar_Raqqah
ROU	Arad
ARM	Aragatsotn
ESP	Aragon
VEN	Aragua
ARM	Ararat
COL	Arauca
COL	Archipielago_De_San_Andres,_Providencia_Y_Santa_Catalina
IRN	Ardabil
TUR	Ardahan
PER	Arequipa
ROU	Arges
TUN	Ariana
CHL	Arica_Y_Parinacota
USA	Arizona
USA	Arkansas
MNG	Arkhangai
RUS	Arkhangelsk
ARM	Armavir
MHL	Arno
DJI	Arta
CUB	Artemisa
HTI	Artibonite_Department
URY	Artigas
TUR	Artv?N
ABW	Aruba
IND	Arunachal_Pradesh
TZA	Arusha
SYR	As_Suwayda
GUM	Asan
OMN	Ash_Sharqiyah
GHA	Ashanti
TKM	Ashgabat
MRT	Assaba
IND	Assam
KAZ	Astana
AZE	Astara_Rayonu
RUS	Astrakhan
ESP	Asturias
PRY	Asuncion
EGY	Aswan
EGY	Asyut
CHL	Atacama
BEN	Atakora
COL	Atlantico
HND	Atlantida
BEN	Atlantique
MDG	Atsimo_Andrefana
MDG	Atsimo_Atsinanana
MDG	Atsinanana
LAO	Attapeu
MLT	Attard
GRC	Attica
WSM	Atua
KAZ	Atyrau_Region
SYC	Au_Cap
NZL	Auckland
MHL	Aur
AUS	Australian_Capital_Territory
PHL	Autonomous_Region_In_Muslim_Mindanao
GEO	Autonomous_Republic_Of_Abkhazia
GEO	Autonomous_Republic_Of_Adjara
UKR	Autonomous_Republic_Of_Crimea
FRA	Auvergne_Rhone_Alpes
GRL	Avannaata
PRT	Aveiro
SOM	Awdal
PER	Ayacucho
TUR	Aydin
MMR	Ayeyarwady
OMN	Az_Zahirah
PAK	Azad_Kashmir
DOM	Azua
ECU	Azuay
TUR	B?Lec?K
AZE	B?Rd?_Rayonu
TUR	B?Tl?S
VNM	Ba_Ria___Vung_Tau
MDV	Baa
AZE	Bab?K_Rayonu
IRQ	Babil
LCA	Babonneau
VNM	Bac_Giang
VNM	Bac_Kan
VNM	Bac_Lieu
VNM	Bac_Ninh
ROU	Bacau
HUN	Bacs_Kiskun
AFG	Badakhshan
DEU	Baden_Wurttemberg
AFG	Badghis
GNB	Bafata
IRQ	Baghdad
AFG	Baghlan
MMR	Bago_East
MMR	Bago_West
BRA	Bahia
TCD	Bahr_El_Gazel
SYC	Baie_Lazar
SYC	Baie_Saint
NRU	Baitsi
MEX	Baja_California
MEX	Baja_California_Sur
GTM	Baja_Verapaz
AZE	Baki_Inzibati_?Razisi
SOM	Bakool
AZE	Balak?N_Rayonu
ESP	Balear_Islands
IDN	Bali
TUR	Balikes?R
TKM	Balkan_Region
AFG	Balkh
PAK	Balochistan
JOR	Balqa
MLT	Balzan
LIE	Balzers
MLI	Bamako
CAF	Bamingui_Bangoran
AFG	Bamyan
SOM	Banadir
MYT	Bandraboua
MYT	Bandrele
IDN	Bangka_Belitung_Islands
THA	Bangkok
CAF	Bangui
GMB	Banjul
SVK	Banska_Bystrica
IDN	Banten
KHM	Bantey_Meanchey
DOM	Baoruco
MNE	Bar_Municipality
DOM	Barahona
HUN	Baranya
ATG	Barbuda
SOM	Bari
GUY	Barina_Waini
VEN	Barinas
KEN	Baringo
BGD	Barisal
GUM	Barrigada
TUR	Bartin
CIV	Bas_Sassandra
CHE	Basel_Landschaft
CHE	Basel_Stadt
RUS	Bashkortostan
ITA	Basilicata
ESP	Basque_Country
IRQ	Basra
GMB	Basse
CAF	Basse_Kotto
GLP	Basse_Terre
TCD	Batha
KGZ	Batken_Region
TUR	Batman
DZA	Batna
KHM	Battambang
TLS	Baucau
NGA	Bauchi
DEU	Bavaria
SOM	Bay
HND	Bay_Islands
NZL	Bay_Of_Plenty
MNG	Bayan_Olgii
MNG	Bayankhongor
TUR	Bayburt
NGA	Bayelsa
SYC	Beau_Vallo
DZA	Bechar
EGY	Beheira
CHN	Beijing
LBN	Beirut_Governorate
PRT	Beja
DZA	Bejaia
HUN	Bekes
SYC	Bel_Air
SYC	Bel_Ombre
BRN	Belait
RUS	Belgorod
SRB	Belgrade
BLZ	Belize_District
TUN	Ben_Arous
VNM	Ben_Tre
MDA	Bender
ETH	Beneshangul_Gumu
LBY	Benghazi
IDN	Bengkulu
AGO	Bengo
AGO	Benguela
BOL	Beni
MAR	Beni_Mellal_Khenifra
EGY	Beni_Suef
NGA	Benue
LBN	Beqaa_Governorate
MNE	Berane_Municipality
ALB	Berat_County
LSO	Berea_District
DEU	Berlin
CHE	Bern
BHS	Berry_Islands
MDG	Betsiboka
AZE	Beyl?Qan_Rayonu
AGO	Bie
IND	Bihar
ROU	Bihor
MNE	Bijelo_Polje_Municipality
AZE	Bil?Suvar_Rayonu
BHS	Bimini
TUR	Bingol
VNM	Binh_Dinh
VNM	Binh_Duong
VNM	Binh_Phuoc
VNM	Binh_Thuan
CHL	Biobio
GNQ	Bioko_Norte
GNQ	Bioko_Sur
GNB	Biombo
MLT	Bir?Ebbu?A
MLT	Birgu
MLT	Birkirkara
DZA	Biskra
GNB	Bissau
ROU	Bistrita_Nasaud
TUN	Bizerte
HRV	Bjelovar_Bilogora
BHS	Black_Point
MUS	Black_River
BGR	Blagoevgrad
SWE	Blekinge
DZA	Blida
SDN	Blue_Nile_State
CPV	Boa_Vista
NIC	Boaco
TLS	Bobonaro
CYM	Bodden_Town
NRU	Boe
MDG	Boeny
COL	Bogota_Capital_District
GIN	Boke
LAO	Bokeo
GNB	Bolama
LAO	Bolikhamsai
VEN	Bolivar
TUR	Bolu
KEN	Bomet
LBR	Bomi
BES	Bonaire
LBR	Bong
MDG	Bongolava
PRY	Boqueron
SRB	Bor_District
DZA	Bordj_Bou_Arreridj?
SMR	Borgo_Maggiore
BEN	Borgou
TCD	Borkou
NGA	Borno
HUN	Borsod_Abauj_Zemplen
ROU	Botosani
BFA	Boucle_Du_Mouhoun
MYT	Boueni
COG	Bouenza
PNG	Bougainville
DZA	Bouira
DZA	Boumerdes
FRA	Bourgogne_Franche_Comte
COL	Boyaca
PRT	Braga
PRT	Braganca
ROU	Braila
MRT	Brakna
DEU	Brandenburg
SRB	Branicevo_District
ROU	Brasov
SVK	Bratislava
CPV	Brava
COG	Brazzaville
BIH	Brcko_District_Of_Bosnia_And_Herzegowina
DEU	Bremen
BLR	Brest_Region
FRA	Bretagne
MDA	Briceni_District
GMB	Brikama
CAN	British_Columbia
HRV	Brod_Posavina
SUR	Brokopondo
GHA	Brong_Ahafo
BRN	Brunei_Muara
BEL	Brussels
RUS	Bryansk
NRU	Buada
BDI	Bubanza
ROU	Bucharest
HUN	Budapest
MNE	Budva_Municipality
THA	Bueng_Kan_Province
ARG	Buenos_Aires
BDI	Bujumbura_Mairie
BDI	Bujumbura_Rural
UZB	Bukhara_Region
ZWE	Bulawayo
MNG	Bulgan
BTN	Bumthang_District
KEN	Bungoma
TUR	Burdur
BGR	Burgas
AUT	Burgenland
THA	Buri_Ram_Province
TUR	Bursa
BDI	Bururi
RUS	Buryatia
KOR	Busan
IRN	Bushehr
KEN	Busia
LSO	Butha_Buthe_District
LBY	Butnan
ROU	Buzau
AZE	C?Lilabad_Rayonu
VNM	Ca_Mau
ECU	Caa'Ar
PRY	Caaguazu
PRY	Caazapa
SLV	Cabanas
AGO	Cabinda
MOZ	Cabo_Delgado
GNB	Cacheu
EGY	Cairo
PER	Cajamarca
ITA	Calabria
ROU	Calarasi
COL	Caldas
USA	California
PER	Callao
CUB	Camaguey
ITA	Campania
MEX	Campeche
VNM	Can_Tho
TUR	Canakkale
LCA	Canaries
ESP	Canary_Islands
URY	Canelones
AND	Canillo
PRY	Canindeyu
TUR	Cankiri
BDI	Cankuzo
ESP	Cantabria
NZL	Canterbury
LUX	Canton_Capellen
LUX	Canton_Clervaux
LUX	Canton_Diekirch
LUX	Canton_Echternach
LUX	Canton_Esch_Sur_Alzette
LUX	Canton_Grevenmacher
LUX	Canton_Luxembourg
LUX	Canton_Mersch
LUX	Canton_Redange
LUX	Canton_Remich
LUX	Canton_Vianden
LUX	Canton_Wiltz
VNM	Cao_Bang
BHR	Capital_Governorate
ISL	Capital_Region
SLB	Capital_Territory
COL	Caqueta
VEN	Carabobo
ROU	Caras_Severin
NIC	Carazo
ECU	Carchi
AUT	Carinthia
IRL	Carlow
MAR	Casablanca_Settat
COL	Casanare
SYC	Cascade
BFA	Cascades
PRT	Castelo_Branco
ESP	Castilla_La_Mancha
ESP	Castilla_Y_Leon
LCA	Castries
BHS	Cat_Island
ESP	Catalunya
ARG	Catamarca
COL	Cauca
IRL	Cavan
GUF	Cayenne
CYM	Cayman_Brac
BLZ	Cayo
BRA	Ceara
ISR	Center
FJI	Central
BHS	Central_Abaco
BHS	Central_Andros
SRB	Central_Banat_District
SDN	Central_Darfur
BWA	Central_District
BHS	Central_Eleuthera
SSD	Central_Equatoria
FIN	Central_Finland
IDN	Central_Java
IDN	Central_Kalimantan
COD	Central_Kasai
SLB	Central_Province
MWI	Central_Region
IDN	Central_Sulawesi
TGO	Centrale_Region
BFA	Centre
HTI	Centre_Department
BFA	Centre_Est
BFA	Centre_Nord
BFA	Centre_Ouest
BFA	Centre_Sud
FRA	Centre_Val_De_Loire
GNQ	Centro_Sur_Province
URY	Cerro_Largo
COL	Cesar
MNE	Cetinje_Municipality
THA	Chachoengsao_Province
ARG	Chaco
PRK	Chagang
TTO	Chaguanas
IRN	Chaharmahal_And_Bakhtiari
THA	Chai_Nat_Province
THA	Chaiyaphum_Province
GUM	Chalan_Pago_Ordot
SLV	Chalatenango
LAO	Champasak
IND	Chandigarh
TWN	Changhua_County
THA	Chanthaburi_Province
TCD	Chari_Baguirmi
VCT	Charlotte
NZL	Chatham_Islands_Territory
RUS	Chechnya
RUS	Chelyabinsk
UKR	Cherkasy_Oblast
UKR	Chernihiv_Oblast
UKR	Chernivtsi_Oblast
IND	Chhattisgarh
THA	Chiang_Mai_Province
THA	Chiang_Rai_Province
MEX	Chiapas
TWN	Chiayi
TWN	Chiayi_County
JPN	Chiba
MYT	Chiconi
SMR	Chiesanuova
MEX	Chihuahua
GTM	Chimaltenango
ECU	Chimborazo
MMR	Chin
NIC	Chinandega
GTM	Chiquimula
MYT	Chirongui
BGD	Chittagong
DZA	Chlef
BWA	Chobe_District
COL	Choco
LCA	Choiseul
SLB	Choiseul_Province
HND	Choluteca
THA	Chon_Buri_Province
CHN	Chongqing
NIC	Chontales
BRB	Christ_Church
KNA	Christ_Church_Nichola_Town
ARG	Chubut
BTN	Chukha_District
RUS	Chukotka_Autonomous_Okrug
THA	Chumphon_Province
KOR	Chungcheongbuk_Do
KOR	Chungcheongnam_Do
BOL	Chuquisaca
FSM	Chuuk
RUS	Chuvashia
KGZ	Chuy_Region
BDI	Cibitoke
CUB	Ciego_De_Avila
CUB	Cienfuegos
SMR	Citta_Di_San_Marino
BHS	City_Of_Freeport
ARG	Ciudad_Autonoma_De_Buenos_Aires
ESP	Ciudad_Autonoma_De_Ceuta
IRL	Clare
JAM	Clarendon
ROU	Cluj
MEX	Coahuila
BOL	Cochabamba
PRT	Coimbra
VEN	Cojedes
MEX	Colima
BEN	Collines
HND	Colon
PAN	Colon_Province
URY	Colonia
USA	Colorado
PAN	Comarca_Embera_Wounaan
PAN	Comarca_Guna_Yala
PAN	Comarca_Ngabe_Bugle
HND	Comayagua
SUR	Commewijne
USA	Commonwealth_Of_The_Northern_Mariana_Islands
CIV	Comoe
ESP	Comunitat_Valenciana
GIN	Conakry
PRY	Concepcion
USA	Connecticut
ROU	Constanta
DZA	Constantine
HND	Copan
ZMB	Copperbelt
CHL	Coquimbo
PRY	Cordillera
PHL	Cordillera_Administrative_Region
ARG	Cordoba
IRL	Cork
SUR	Coronie
BLZ	Corozal
ARG	Corrientes
FRA	Corsica
HND	Cortes
TUR	Corum
MLT	Cospicua
ECU	Cotopaxi
TTO	Couva_Tabaquite_Talparo
TLS	Cova_Lima
ROU	Covasna
GRC	Crete
BHS	Crooked_Island_And_Long_Cay
NGA	Cross_River
HUN	Csongrad
AGO	Cuando_Cubango
AGO	Cuanza_Norte
AGO	Cuanza_Sul
AZE	Culfa_Rayonu
COL	Cundinamarca
AGO	Cunene
CUW	Curacao
SLV	Cuscatlan
PER	Cusco
COG	Cuvette
COG	Cuvette_Ouest
GUY	Cuyuni_Mazaruni
TUR	D?Yarbakir
TKM	Da?Oguz_Region
VNM	Da_Nang
KOR	Daegu
KOR	Daejeon
BTN	Dagana_District
RUS	Dagestan
DOM	Dajabon
VNM	Dak_Lak
VNM	Dak_Nong
EGY	Dakahlia
SEN	Dakar
MAR	Dakhla_Oued_Ed_Dahab
MRT	Dakhlet_Nouadhibou
SWE	Dalarna
IND	Daman_And_Diu
SYR	Damascus_Governorate
ROU	Dambovita
EGY	Damietta
MNE	Danilovgrad_Municipality
TZA	Dar_Es_Salaam
SYR	Daraa
MNG	Darkhan_Uul
AZE	Dask?S?N_Rayonu
AFG	Daykundi
ERI	Debub_Region
GUM	Dededo
SYR	Deir_Ez_Zor
USA	Delaware
IND	Delhi
NGA	Delta
VEN	Delta_Amacuro
MYT	Dembeni
GUY	Demerara_Mahaica
TUR	Den?Zl?
CIV	Denguele
NRU	Denigomodu
LCA	Dennery
HTI	Departement_De_L'Ouest
HTI	Departement_De_La_Grande_Anse
HTI	Departement_Des_Nippes
HTI	Departement_Du_Nord
HTI	Departement_Du_Sud_Est
LBY	Derna
BMU	Devonshire
MDV	Dhaalu
BGD	Dhaka
YEM	Dhamar_Governorate
IRQ	Dhi_Qar
OMN	Dhofar
MDG	Diana
ALB	Diber_County
TTO	Diego_Martin
VNM	Dien_Bien
NER	Diffa
DJI	Dikhil
TLS	Dili
MLT	Dingli
SEN	Diourbel
ETH	Dire_Dawa
CIV	District_Autonome_D'Abidjan
CIV	District_Autonome_De_Yamousso*
USA	District_Of_Columbia
XKX	District_Of_Ferizaj_(05)
XKX	District_Of_Gjilan_(06)
XKX	District_Of_Mitrovica_(02)
XKX	District_Of_Peja_(03)
XKX	District_Of_Prishtina_(01)
XKX	District_Of_Prizren_(04)
TJK	Districts_Of_Republican_Subordination
VEN	Distrito_Capital
DOM	Distrito_Nacional
IRQ	Diyala
DZA	Djelfa
DJI	Djibouti
UKR	Dnipropetrovsk_Oblast
BGR	Dobrich
TZA	Dodoma
QAT	Doha
IRQ	Dohuk
ROU	Dolj
POL	Dolnoslaskie
SMR	Domagnano
IRL	Donegal
UKR	Donetsk_Oblast
VNM	Dong_Nai
VNM	Dong_Thap
BEN	Donga
MNG	Dornod
MNG	Dornogovi
NER	Dosso
MAR	Draa_Tafilalet
NLD	Drenthe
DOM	Duarte
ARE	Dubai
IRL	Dublin
HRV	Dubrovnik_Neretva
MNG	Dundgovi
MEX	Durango
URY	Durazno
ALB	Durres_County
TJK	Dushanbe
TUR	Duzce
MYT	Dzaoudzi
CMR	East
IRN	East_Azerbaijan
GUY	East_Berbice_Corentyne
SDN	East_Darfur_State
CYM	East_End
BHS	East_Grand_Bahama
IDN	East_Java
IDN	East_Kalimantan
KAZ	East_Kazakhstan_Region
PNG	East_New_Britain
IDN	East_Nusa_Tenggara
SGP	East_Region
PNG	East_Sepik
SAU	Eastern
ZAF	Eastern_Cape
SSD	Eastern_Equatoria
PNG	Eastern_Highlands
RWA	Eastern_Province
MHL	Ebon
NGA	Ebonyi
TUR	Ed?Rne
NGA	Edo
GRC	Egean
JPN	Ehime
NGA	Ekiti
DZA	El_Bayadh
TUN	El_Kef
ECU	El_Oro
DZA	El_Oued
HND	El_Paraiso
GTM	El_Progreso
DOM	El_Seibo
DZA	El_Tarf
TUR	Elazi?
ALB	Elbasan_County
KEN	Elegeyo_Marakwet
DOM	Elias_Pina
KEN	Embu
ITA	Emilia_Romagna
AND	Encamp
MHL	Enewetak
PNG	Enga
GBR	England
TCD	Ennedi_Est
TCD	Ennedi_Ouest
BIH	Entity_Federation_Of_Bosnia_And_Herzegovina
ARG	Entre_Rios
NGA	Enugu
GRC	Epirus_Western_Macedonia
COD	Equateur
IRQ	Erbil
TLS	Ermera
NAM	Erongo_Region
TUR	Erz?Ncan
TUR	Erzurum
AND	Escaldes_Engordany
LIE	Eschen
GTM	Escuintla
TUR	Esk??Ehir
ECU	Esmeraldas
DOM	Espaillat
BRA	Espirito_Santo
GUY	Essequibo_Islands_West_Demerara
BFA	Est
NIC	Esteli
GAB	Estuaire
PRT	Evora
NRU	Ewa
AUS	External_Territories
ESP	Extremadura
BHS	Exuma
FRO	Eysturoyar
WSM	Fa'Asaleleage
MDV	Faafu
SMR	Faetano
EGY	Faiyum
VEN	Falcon
CYP	Famagusta
CMR	Far_North
AFG	Farah
GIN	Faranah
PRT	Faro
IRN	Fars
KWT	Farwaniya
AFG	Faryab
SEN	Fatick
NGA	Federal_Capital_Territory
VEN	Federal_Dependencies
BRA	Federal_District
PAK	Federally_Administered_Tribal_Areas
HUN	Fejer
UZB	Fergana_Region
MAR	Fez_Meknes
ALB	Fier_County
FIN	Finland_Proper
SMR	Fiorentino
MUS	Flacq
BEL	Flanders
NLD	Flevoland
URY	Flores
MLT	Floriana
USA	Florida
MLT	Fontana
ARG	Formosa
MTQ	Fort_De_France
HND	Francisco_Morazan
ZAF	Free_State
CHE	Fribourg
NLD	Friesland
ITA	Friuli_Venezia_Giulia
ARE	Fujairah
CHN	Fujian
JPN	Fukui
JPN	Fukuoka
JPN	Fukushima
AZE	Fzzuli_Rayonu
MLT	G?Ajnsielem
MLT	G?Arb
MLT	G?Asri
MLT	G?Axaq
AZE	G?D?B?Y_Rayonu
MLT	G?Ira
AZE	G?Nc?_Inzibati_?Razisi
TUR	G?Resun
TUN	Gabes
BGR	Gabrovo
GNB	Gabu
TUN	Gafsa
WSM	Gaga'Emauga
WSM	Gaga'Ifomauga
MDA	Gagauzia
ECU	Galapagos
ROU	Galati
SOM	Galgaduud
ESP	Galicia
IRL	Galway
ETH	Gambela
LIE	Gamprin
KOR	Gangwon_Do
CHN	Gansu
MLI	Gao
KEN	Garissa
BTN	Gasa_District
ERI	Gash_Barka_Region
ZAF	Gauteng
SWE	Gavleborg
TUR	Gaz?Antep
MOZ	Gaza
LBR	Gbarpolu
SDN	Gedarif_State
SOM	Gedo
ARM	Gegharkunik
TZA	Geita
NLD	Gelderland
CHE	Geneva
CYM	George_Town
USA	Georgia
SDN	Gezira_State
BWA	Ghanzi_District
EGY	Gharbiyya
DZA	Ghardaia
MLT	Gharghur
LBY	Ghat
AFG	Ghazni
AFG	Ghor
VNM	Gia_Lai
JPN	Gifu
IRN	Gilan
KIR	Gilbert_Islands
PAK	Gilgit_Baltistan
NZL	Gisborne
BDI	Gitega
ROU	Giurgiu
EGY	Giza
ALB	Gjirokaster_County
SYC	Glacis
CHE	Glarus
IND	Goa
CIV	Goh_Djiboua
BRA	Goias
IRN	Golestan
NGA	Gombe
AZE	Goranboy_Rayonu
SVN	Gorenjska
MRT	Gorgol
SVN	Gorivka
ROU	Gorj
TJK	Gorno_Badakhshan_Autonomous_Region
IDN	Gorontalo
SWE	Gotland
MNG	Govi_Altai
MNG	Govisumber
HND	Gracias_A_Dios
NIC	Granada
SYC	Grand'Anse
SYC	Grand_Anse
LBR	Grand_Bassa
LBR	Grand_Cape_Mount
BHS	Grand_Cay
FRA	Grand_Est
LBR	Grand_Gedeh
LBR	Grand_Kru
MUS	Grand_Port
COM	Grande_Comore
CUB	Granma
GHA	Greater_Accra
BHS	Green_Turtle_Cay
GRL	Greenland
VCT	Grenadines
CHE	Grisons
NLD	Groningen
LCA	Gros_Islet
SLB	Guadalcanal_Province
COL	Guainia
PRY	Guaira
USA	Guam
MEX	Guanajuato
CHN	Guangdong
CHN	Guangxi
CUB	Guantanamo
PRT	Guarda
VEN	Guarico
GTM	Guatemala
COL	Guaviare
ECU	Guayas
MLT	Gudja
DZA	Guelma
MAR	Guelmim_Oued_Noun
TCD	Guera
MEX	Guerrero
MRT	Guidimakha
CHN	Guizhou
IND	Gujarat
PNG	Gulf
TUR	Gumushane
JPN	Gunma
GEO	Guria
MNE	Gusinje_Municipality
KOR	Gwangju
HUN	Gy?R_Moson_Sopron
KOR	Gyeonggi_Do
KOR	Gyeongsangbuk_Do
KOR	Gyeongsangnam_Do
AZE	Gzycay_Rayonu
AZE	Gzygol_Rayonu
TON	Ha'Apai
VNM	Ha_Giang
VNM	Ha_Nam
VNM	Ha_Noi
VNM	Ha_Tinh
MDV	Haa_Alif
MDV	Haa_Dhaalu
BTN	Haa_District
AZE	Haciqabul_Rayonu
YEM	Hadhramaut
TCD	Hadjer_Lamis
GUM	Hagatna
VNM	Hai_Duong
VNM	Hai_Phong
ISR	Haifa
CHN	Hainan
HUN	Hajdu_Bihar
YEM	Hajjah_Governorate
TUR	Hakkar?
IRQ	Halabja
SWE	Halland
SYR	Hama
IRN	Hamadan
DEU	Hamburg
PRK	Hamgyongnam_Do
BMU	Hamilton
BMU	Hamilton_Municipality
MLT	Hamrun
JAM	Hanover
ZWE	Harare
NAM	Hardap_Region
ETH	Hareri
ROU	Harghita
EST	Harju_Maakond
IND	Haryana
BGR	Haskovo
TUR	Hatay
DOM	Hato_Mayor
VNM	Hau_Giang
COD	Haut_Katanga
COD	Haut_Lomami
CAF	Haut_Mbomou
GAB	Haut_Ogooue
CAF	Haute_Kotto
BFA	Hauts_Bassins
FRA	Hauts_De_France
CUB	Havana
USA	Hawaii
KWT	Hawalli
NZL	Hawke'S_Bay
SAU	Hayel
CHN	Hebei
CHN	Heilongjiang
PNG	Hela
CHN	Henan
MNE	Herceg_Novi_Municipality
DOM	Hermanas_Mirabal
DEU	Hesse
HUN	Heves
SWZ	Hhohho
MEX	Hidalgo
SOM	Hiiraan
EST	Hiiu_Maakond
AFG	Hilmand
IND	Himachal_Pradesh
AFG	Hirat
JPN	Hiroshima
VNM	Hoa_Binh
MRT	Hodh_Ech_Chargi
MRT	Hodh_El_Gharbi
JPN	Hokkaido
CUB	Holguin
KEN	Homa_Bay
BLR	Homel_Region
SYR	Homs
FJI	Hong_Kong
BHS	Hope_Town
IRN	Hormozgan
LAO	Houaphan
DNK	Hovedstaden
MNG	Hovsgel
BLR	Hrodna_Region
TWN	Hsinchu
TWN	Hsinchu_County
TWN	Hualien_County
AGO	Huambo
PER	Huancavelica
PER	Huanuco
CHN	Hubei
GTM	Huehuetenango
COL	Huila
CHN	Hunan
ROU	Hunedoara
VNM	Hung_Yen
PRK	Hwanghaebuk_Do
PRK	Hwanghaenam_Do
JPN	Hyogo
TUR	I?Dir
ROU	Ialomita
ROU	Iasi
JPN	Ibaraki
YEM	Ibb_Governorate
PER	Ica
EST	Ida_Viru_Maakond
USA	Idaho
SYR	Idlib
MDG	Ihorombe
MLT	Iklin
MLT	Il_Fgura
IRN	Ilam
FRA	Ile_De_France
PYF	Iles_Australes
PYF	Iles_Du_Vent
PYF	Iles_Marquises
PYF	Iles_Sous_Le_Vent
PYF	Iles_Tuamotu_Gambier
ROU	Ilfov
USA	Illinois
DZA	Illizi
ECU	Imbabura
GEO	Imereti
AZE	Imisli_Rayonu
NGA	Imo
BHS	Inagua
GUM	Inarajan
KOR	Incheon
MRT	Inchiri
DOM	Independencia
USA	Indiana
RUS	Ingushetia
MOZ	Inhambane
GEO	Inner_Kartli
CHN	Inner_Mongolia
NOR	Innlandet
HND	Intibuca
USA	Iowa
JOR	Irbid
TZA	Iringa
RUS	Irkutsk
SLB	Isabel_Province
IRN	Isfahan
JPN	Ishikawa
KEN	Isiolo
PAK	Islamabad_Capital_Territory
CUB	Isle_Of_Youth
EGY	Ismailia
AZE	Ismayilli_Rayonu
TUR	Isparta
KGZ	Issyk_Kul_Region
TUR	Istanbul
HRV	Istria
PRY	Itapua
MDG	Itasy
COD	Ituri
UKR	Ivano_Frankivsk_Oblast
RUS	Ivanovo
JPN	Iwate
GTM	Izabal
LBY	Jabal_Al_Akhdar
LBY	Jabal_Al_Gharbi
MHL	Jabat
SRB	Jablanica_District
LBY	Jafara
KWT	Jahra
IDN	Jakarta
KGZ	Jalal_Abad_Region
GTM	Jalapa
MEX	Jalisco
MHL	Jaluit
IDN	Jambi
KAZ	Jambyl_Region
IND	Jammu_And_Kashmir
SWE	Jamtland
GMB	Janjanbureh
JOR	Jarash
EST	Jarva_Maakond
HUN	Jasz_Nagykun_Szolnok
AFG	Jawzjan
SAU	Jazan
KOR	Jeju_Do
TUN	Jendouba
KOR	Jeollabuk_Do
KOR	Jeollanam_Do
ISR	Jerusalem
RUS	Jewish_Autonomous
IND	Jharkhand
CHN	Jiangsu
CHN	Jiangxi
NGA	Jigawa
CZE	Jihocesky_Region
CZE	Jihomoravsky_Region
DZA	Jijel
CHN	Jilin
NIC	Jinotega_(Departamento)
PNG	Jiwaka
UZB	Jizzakh_Region
EST	Jogeva_Maakond
MYS	Johor
SSD	Jonglei
SWE	Jonkoping
VGB	Jost_Van_Dyke
LBY	Jufra
SVN	Jugovzhodna
ARG	Jujuy
PER	Junin
CHE	Jura
GTM	Jutiapa
TUR	K?L?S
AZE	K?Ng?Rli_Rayonu
RUS	Kabardino_Balkaria
AFG	Kabul
MMR	Kachin
NGA	Kaduna
SEN	Kaffrine
EGY	Kafr_El_Sheikh
JPN	Kagawa
TZA	Kagera
JPN	Kagoshima
TUR	Kahramanmara?
FIN	Kainuu
TUN	Kairouan
KEN	Kajiado
KEN	Kakamega
GEO	Kakheti
THA	Kalasin
RUS	Kaliningrad
MLT	Kalkara
SWE	Kalmar
RUS	Kalmykia
RUS	Kaluga
RUS	Kamchatka_Krai
THA	Kamphaeng_Phet_Province
KHM	Kampong_Cham
KHM	Kampong_Chhnang
KHM	Kampong_Speu
KHM	Kampong_Thom
KHM	Kampot
JPN	Kanagawa
THA	Kanchanaburi_Province
AFG	Kandahar
KHM	Kandal
TCD	Kanem
PRK	Kangwon_Do
MYT	Kani_Keli
GMB	Kanifing
GIN	Kankan
NGA	Kano
USA	Kansas
TWN	Kaohsiung
SEN	Kaolack
AFG	Kapisa
TGO	Kara_Region
TUR	Karabuk
RUS	Karachay_Cherkessia
KAZ	Karaganda_Region
JOR	Karak
TUR	Karaman
NAM	Karas_Region
IRQ	Karbala
BGR	Kardzhali
HRV	Karlovac
CZE	Karlovarsky_Region
IND	Karnataka
TUR	Kars
BDI	Karuzi
COD	Kasai
COD	Kasai_Oriental
SDN	Kassala_State
TUN	Kasserine
TUR	Kastamonu
TZA	Katavi
NGA	Katsina
LTU	Kaunas
NAM	Kavango_East_Region
NAM	Kavango_West_Region
MMR	Kayah
PLW	Kayangel
BDI	Kayanza
MLI	Kayes
MMR	Kayin
TUR	Kayser?
NGA	Kebbi
TUN	Kebili
MYS	Kedah
SEN	Kedougou
TWN	Keelung
MYS	Kelantan
RUS	Kemerovo
CAF	Kemo
USA	Kentucky
KHM	Kep
MLT	Ker?Em
IND	Kerala
GMB	Kerewan
KEN	Kericho
IRN	Kerman
IRN	Kermanshah
IRL	Kerry
FIN	Keski_Pohjanmaa
BWA	Kgalagadi_District
BWA	Kgatleng_District
RUS	Khabarovsk_Krai
RUS	Khakassia
LAO	Khammouane
VNM	Khanh_Hoa
RUS	Khanty_Mansiysk_Autonomous_Okrug_?_Ugra
UKR	Kharkiv_Oblast
SDN	Khartoum_State
TJK	Khatlon_Region
DZA	Khenchela
MNG	Khentii
UKR	Kherson_Oblast
UKR	Khmelnytskyi_Oblast
NAM	Khomas_Region
THA	Khon_Kaen_Province
AFG	Khost
MNG	Khovd
BGD	Khulna
IRN	Khuzestan
PAK	Khyber_Pakhtunkhwa
KEN	Kiambu
MLI	Kidal
GNQ	Kie_Ntem_Province
VNM	Kien_Giang
RWA	Kigali
TZA	Kigoma
IRL	Kildare
MHL	Kili
KEN	Kilifi
TZA	Kilimanjaro
IRL	Kilkenny
GIN	Kindia
JAM	Kingston
TWN	Kinmen
COD	Kinshasa
TUR	Kir?Eh?R
TUR	Kirikkale
KEN	Kirinyaga
TUR	Kirklarel?
IRQ	Kirkuk
RUS	Kirov
UKR	Kirovohrad_Oblast
BDI	Kirundo
KEN	Kisii
KEN	Kisumu
KEN	Kitui
LTU	Klaipeda
TUR	Kocael?
JPN	Kochi
NGA	Kogi
KHM	Koh_Kong
IRN	Kohgiluyeh_And_Boyer_Ahmad
MNE	Kola?In_Municipality
SEN	Kolda
SRB	Kolubara_District
HUN	Komarom_Esztergom
RUS	Komi_Republic
VNM	Kon_Tum
COD	Kongo_Central
TUR	Konya
HRV	Koprivnica_Kri?Evci
ALB	Korce_County
SVN	Koroaka
PLW	Koror
SVK	Kosice
FSM	Kosrae
KAZ	Kostanay_Region
RUS	Kostroma
ARM	Kotayk
MNE	Kotor_Municipality
BEN	Kouffo
COG	Kouilou
MLI	Koulikouro
MYT	Koungou
THA	Krabi_Province
CZE	Kraj_Vyso?Ina
CZE	Kralovehradecky_Region
HRV	Krapina_Zagorje
RUS	Krasnodar_Krai
RUS	Krasnoyarsk_Krai
KHM	Kratie
SWE	Kronoberg
MYS	Kuala_Lumpur
LBY	Kufra
GRL	Kujalleq
POL	Kujawsko_Pomorskie
ALB	Kukes_County
JPN	Kumamoto
PRK	Kumgang_Gun/Kumgangsan_Tourist_Region
AFG	Kunar
AFG	Kunduz
NAM	Kunene_Region
GMB	Kuntaur
IRN	Kurdistan
RUS	Kurgan
RUS	Kursk
LVA	Kurzeme_Region
TUR	Kutahya
MHL	Kwajalein
KEN	Kwale
COD	Kwango
NGA	Kwara
ZAF	Kwazulu_Natal
BWA	Kweneng_District
COD	Kwilu
UKR	Kyiv
UKR	Kyiv_Oblast
FIN	Kymenlaakso
JPN	Kyoto
CYP	Kyrenia
BGR	Kyustendil
KAZ	Kyzylorda_Region
AZE	Kzrd?Mir_Rayonu
AZE	L?Nk?Ran_Inzibati_?Razisi
AZE	L?Nk?Ran_Rayonu
MLT	L_Im?Arr
DOM	La_Altagracia
CHL	La_Araucania
SYC	La_Digue_A
COL	La_Guajira
PER	La_Libertad
AND	La_Massana
ARG	La_Pampa
SLV	La_Paz
ARG	La_Rioja
SYC	La_Riviere
DOM	La_Romana
SLV	La_Union
DOM	La_Vega
EST	Laane_Maakond
EST	Laane_Viru_Maakond
MAR	Laayoune_Sakia_El_Hamra
GIN	Labe
LCA	Laborie
MYS	Labuan
TCD	Lac
CIV	Lacs
MHL	Lae
AFG	Laghman
DZA	Laghouat
NGA	Lagos
CIV	Lagunes
YEM	Lahij_Governorate
VNM	Lai_Chau
KEN	Laikipia
SSD	Lakes
IND	Lakshadweep
VNM	Lam_Dong
PER	Lambayeque
THA	Lampang_Province
THA	Lamphun_Province
IDN	Lampung
KEN	Lamu
VNM	Lang_Son
VNM	Lao_Cai
IRL	Laois
FIN	Lapland
VEN	Lara
CYP	Larnaca
CUB	Las_Tunas
SYR	Latakia
LVA	Latgale_Region
TLS	Lautem
URY	Lavalleja
ITA	Lazio
MTQ	Le_Marin
MTQ	Le_Trinite
TKM	Lebap_Region
PRT	Leiria
IRL	Leitrim
COG	Lekoumou
HND	Lempira
RUS	Leningrad_Oblast
NIC	Leon
LSO	Leribe_District
AZE	Lerik_Rayonu
SYC	Les_Mamell
ALB	Lezhe_County
MDV	Lhaviyani
BTN	Lhuntse_District
CHN	Liaoning
CZE	Liberecky_Region
CHL	Libertador_General_Bernardo_O'Higgins
ITA	Liguria
MLT	Lija
HRV	Lika_Senj
MHL	Likiep
COG	Likouala
PER	Lima
CYP	Limassol
NLD	Limburg
IRL	Limerick
ZAF	Limpopo
TZA	Lindi
KIR	Line_Islands
RUS	Lipetsk
TLS	Liquica
PRT	Lisboa
GNQ	Litoral_Province
CYM	Little_Cayman
BEN	Littoral
CAF	Lobaye
NRU	Location
POL	Lodzkie
THA	Loei_Province
LBR	Lofa
AFG	Logar
TCD	Logone_Occidental
TCD	Logone_Oriental
ECU	Loja
COD	Lomami
ITA	Lombardia
VNM	Long_An
BHS	Long_Island
IRL	Longford
THA	Lopburi_Province
IRN	Lorestan
PER	Loreto
ARM	Lori
CHL	Los_Lagos
CHL	Los_Rios
SEN	Louga
USA	Louisiana
IRL	Louth
BGR	Lovech
AUT	Lower_Austria
SOM	Lower_Juba
GEO	Lower_Kartli
DEU	Lower_Saxony
SOM	Lower_Shebelle
COD	Lower_Uele
COD	Lualaba
AGO	Luanda
LAO	Luang_Namtha
LAO	Luang_Prabang
ZMB	Luapula
POL	Lubelskie
SWZ	Lubombo
POL	Lubuskie
CHE	Lucerne
UKR	Luhansk_Oblast
AGO	Lunda_Norte
AGO	Lunda_Sul
MLT	Luqa
ZMB	Lusaka
EGY	Luxor_Governate
UKR	Lviv_Oblast
DZA	M'Sila
MYT	M'Tsangamouji
YEM	Ma'Rib_Governorate
JOR	Ma?An
GRC	Macedonia_Thrace
KEN	Machakos
SRB	Macva_District
JOR	Madaba
PNG	Madang
IND	Madhya_Pradesh
SAU	Madinah
PER	Madre_De_Dios
ESP	Madrid
NIC	Madriz
THA	Mae_Hong_Son_Province
ERI	Maekel_Region
LSO	Mafeteng_District
JOR	Mafraq
RUS	Magadan
CHL	Magallanes
COL	Magdalena
MMR	Magway
THA	Maha_Sarakham_Province
GUY	Mahaica_Berbice
IND	Maharashtra
TUN	Mahdia
COD	Mai_Ndombe
USA	Maine
CPV	Maio
MHL	Majuro
BDI	Makamba
SLB	Makira_Ulawa_Province
SAU	Makkah
KEN	Makueni
MYS	Malacca
SLB	Malaita_Province
VUT	Malampa
AGO	Malanje
TUR	Malatya
URY	Maldonado
MHL	Maloelap
POL	Malopolska
IDN	Maluku
CAF	Mambere_Kadei
GIN	Mamou
MYT	Mamoudzou
TUR	Man?Sa
ECU	Manabi
NIC	Managua
TLS	Manatuto
NZL	Manawatu_Wanganui
JAM	Manchester
MMR	Mandalay
KEN	Mandera
TCD	Mandoul
GUM	Mangilao
BHS	Mangrove_Cay
KAZ	Mangystau_Region
MOZ	Manica
ZWE	Manicaland
COD	Maniema
IND	Manipur
CAN	Manitoba
TUN	Manouba
GMB	Mansa_Konko
TLS	Manufahi
PNG	Manus
TZA	Manyara
SWZ	Manzini
MOZ	Maputo
TZA	Mara
NER	Maradi
ROU	Maramures
BRA	Maranhao
ITA	Marche
TUR	Mard?N
LBR	Margibi
RUS	Mari_El
DOM	Maria_Trinidad_Sanchez
LTU	Marijampole
TGO	Maritime_Region
LBY	Marj
IRN	Markazi
NZL	Marlborough
SUR	Marowijne
MAR	Marrakech_Safi
MLT	Marsa
KEN	Marsabit
MLT	Marsascala
MLT	Marsaxlokk
TKM	Mary_Region
USA	Maryland
AZE	Masalli_Rayonu
NIC	Masaya
DZA	Mascara
LSO	Maseru_District
ZWE	Mashonaland_Central
ZWE	Mashonaland_East
ZWE	Mashonaland_West
USA	Massachusetts
ZWE	Masvingo
ZWE	Matabeleland_North
ZWE	Matabeleland_South
NIC	Matagalpa_(Departemento)
SEN	Matam
CUB	Matanzas
BRA	Mato_Grosso
BRA	Mato_Grosso_Do_Sul
EGY	Matrouh
MDG	Matsiatra_Ambony
TWN	Matsu_Islands
CHL	Maule
LIE	Mauren
CUB	Mayabeque
BHS	Mayaguana
IRL	Mayo
TCD	Mayo_Kebbi_Est
TCD	Mayo_Kebbi_Ouest
IRQ	Maysan
IRN	Mazandaran
POL	Mazowieckie
TZA	Mbeya
CAF	Mbomou
MLT	Mdina
HRV	Me?Imurje
IRL	Meath
DEU	Mecklenburg_Vorpommern
DZA	Medea
TUN	Medenine
IND	Meghalaya
ROU	Mehedinti
MHL	Mejit
MDG	Melaky
PLW	Melekeok
ESP	Melilla
MLT	Mellieha
MDG	Menabe
ARG	Mendoza
VEN	Merida
GUM	Merizo
TUR	Mers?N
KEN	Meru
COL	Meta
MEX	Mexico_City
TWN	Miaoli_County
USA	Michigan
MEX	Michoacan_De_Ocampo
LCA	Micoud
SOM	Middle_Juba
SOM	Middle_Shebelle
ZWE	Midlands
DNK	Midtjylland
JPN	Mie
KEN	Migori
DZA	Mila
MHL	Mili
PNG	Milne_Bay
BRA	Minas_Gerais
AZE	Ming?Sevir_Inzibati_?Razisi
USA	Minnesota
BLR	Minsk
BLR	Minsk_Region
EGY	Minya_Governate
VEN	Miranda
ARG	Misiones
LBY	Misrata
USA	Mississippi
USA	Missouri
JPN	Miyagi
JPN	Miyazaki
IND	Mizoram
BLR	Mogliev_Region
LSO	Mohale'S_Hoek_District
COM	Moheli
MNE	Mojkovac_Municipality
MUS	Moka
LSO	Mokhotlong_District
ITA	Molise
KEN	Mombasa
MMR	Mon
MCO	Monaco
VEN	Monagas
IRL	Monaghan
TUN	Monastir
KHM	Mondulkiri
COD	Mongala
BTN	Mongar_District
GUM	Mongmong_Toto_Maite
BEN	Mono
DOM	Monsenor_Nouel
SYC	Mont_Buxto
SYC	Mont_Fleur
CIV	Montagnes
USA	Montana
DOM	Monte_Cristi
DOM	Monte_Plata
SMR	Montegiardino
URY	Montevideo
LBR	Montserrado
EGY	Monufia
BHS	Moore'S_Island
MLI	Mopti
PER	Moquegua
SRB	Moravica_District
CZE	Moravskoslezsky_Region
SLV	Morazan
NOR	More_Og_Romsdal
MEX	Morelos
PNG	Morobe
TZA	Morogoro
ECU	Morona_Santiago
RUS	Moscow
MLT	Mosta
DZA	Mostaganem
CPV	Mosteiros
LBN	Mount_Lebanon_Governorate
AGO	Moxico
TCD	Moyen_Chari
GAB	Moyen_Ogooue
ZAF	Mpumalanga
MLT	Mqabba
MLT	Msida
MLT	Mtarfa
MYT	Mtsamboro
GEO	Mtskheta_Mtianeti
TZA	Mtwara
TUR	Mu?
TUR	Mu?La
KWT	Mubarak_Al_Kabeer
ZMB	Muchinga
SOM	Mudug
BHR	Muharraq_Governorate
THA	Mukdahan_Province
MDA	Municipiul_Balti
MDA	Municipiul_Chisinau
MLT	Munxar
BDI	Muramvya
KEN	Murang`A
ESP	Murcia
ROU	Mures
RUS	Murmansk
LBY	Murqub
LBY	Murzuq
OMN	Muscat
IRQ	Muthanna
BDI	Muyinga
TZA	Mwanza
BDI	Mwaro
UKR	Mykolaiv_Oblast
BGD	Mymensingh
TCD	N'Djamena_Region
TUR	N??De
DZA	Naama
LBN	Nabatiyeh_Governorate
TUN	Nabeul
MLT	Nadur
AZE	Naftalan_Inzibati_?Razisi
IND	Nagaland
JPN	Nagano
JPN	Nagasaki
KEN	Nairobi
IRQ	Najaf
SAU	Najran
THA	Nakhon_Nayok_Province
THA	Nakhon_Pathom_Province
THA	Nakhon_Phanom_Province
THA	Nakhon_Ratchasima_Province
THA	Nakhon_Sawan_Province
THA	Nakhon_Si_Thammarat_Province
KEN	Nakuru
LBY	Nalut
VNM	Nam_Dinh
UZB	Namangan_Region
MHL	Namdrik
AGO	Namibe
MOZ	Nampula
MHL	Namu
THA	Nan_Province
CAF	Nana_Grebizi
CAF	Nana_Mambere
KEN	Nandi
AFG	Nangarhar
TWN	Nantou_County
ECU	Napo
JPN	Nara
THA	Narathiwat_Province
COL	Narino
KEN	Narok
KGZ	Naryn_Region
NGA	Nasarawa
PNG	National_Capital_District
PHL	National_Capital_Region
ESP	Navarra
UZB	Navoiy_Region
AZE	Naxsivan
MLT	Naxxar
MEX	Nayarit
MMR	Naypyitaw__Council
ROU	Neamt
USA	Nebraska
AZE	Neftaala_Rayonu
MYS	Negeri_Sembilan
PHL	Negros_Island_Region
NZL	Nelson
RUS	Nenets_Autonomous_Okrug
CHE	Neuchatel
ARG	Neuquen
TUR	Nev?Eh?R
USA	Nevada
CAN	New_Brunswick
USA	New_Hampshire
PNG	New_Ireland
USA	New_Jersey
USA	New_Mexico
AUS	New_South_Wales
TWN	New_Taipei
EGY	New_Valley
USA	New_York
CAN	Newfoundland_And_Labrador
PLW	Ngaraard
PLW	Ngarchelong
PLW	Ngardmau
PLW	Ngatpang
PLW	Ngchesar
PLW	Ngeremlengui
VNM	Nghe_An
PLW	Ngiwal
GAB	Ngounie
BDI	Ngozi
NER	Niamey
COG	Niari
MOZ	Niassa
NRU	Nibok
SUR	Nickerie
CYP	Nicosia
CHE	Nidwalden
NGA	Niger
JPN	Niigata
MNE	Nik?I?_Municipality
LBR	Nimba
AFG	Nimroz
IRQ	Nineveh
CHN	Ningxia_Hui
VNM	Ninh_Binh
VNM	Ninh_Thuan
SRB	Nisava_District
SVK	Nitra
TON	Niuas
RUS	Nizhny_Novgorod
TZA	Njombe
HUN	Nograd
THA	Nong_Bua_Lam_Phu_Province
THA	Nong_Khai_Province
THA	Nonthaburi_Province
NLD	Noord_Brabant
NLD	Noord_Holland
BFA	Nord
HTI	Nord_Est_Department
HTI	Nord_Ouest_Department
COD	Nord_Ubangi
FRO	Norderøerne
DNK	Nordjylland
NOR	Nordland
FRA	Normandie
SWE	Norrbotten
COL	Norte_De_Santander
BHS	North_Abaco
BHS	North_Andros
SRB	North_Backa_District
SRB	North_Banat_District
USA	North_Carolina
NIC	North_Carribean_Coast_Autonomous_Region
LKA	North_Central_Province
USA	North_Dakota
SDN	North_Darfur_State
ISR	North_District
BWA	North_East_District
SGP	North_East_Region
BHS	North_Eleuthera
PRK	North_Hamgyong
IDN	North_Kalimantan
FIN	North_Karelia
KAZ	North_Kazakhstan_Region
IRN	North_Khorasan
COD	North_Kivu
SDN	North_Kordofan_State
LBN	North_Lebanon_Governorate
IDN	North_Maluku
RUS	North_Ossetia?Alania
TZA	North_Pemba
PRK	North_Pyongan
SGP	North_Region
DEU	North_Rhine_Westphalia
CYM	North_Side
EGY	North_Sinai
IDN	North_Sulawesi
IDN	North_Sumatra
ZAF	North_West
BWA	North_West_District
ZMB	North_Western
LKA	North_Western_Province
MKD	Northeast
ISL	Northeastern_Region
ERI	Northen_Red_Sea_Region
FJI	Northern
SSD	Northern_Bahr_El_Ghazal
SAU	Northern_Borders
ZAF	Northern_Cape
BHR	Northern_Governorate
GBR	Northern_Ireland
MNP	Northern_Islands
FIN	Northern_Ostrobothnia
RWA	Northern_Province
MWI	Northern_Region
FIN	Northern_Savonia
SDN	Northern_State
AUS	Northern_Territory
NZL	Northland
CMR	Northwest
CAN	Northwest_Territories
ISL	Northwestern_Region
MRT	Nouakchott
FRA	Nouvelle_Aquitaine
CAN	Nova_Scotia
RUS	Novgorod
RUS	Novosibirsk
CHL	Nuble
VEN	Nueva_Esparta
NIC	Nueva_Segovia
MEX	Nuevo_Leon
SOM	Nugaal
TUV	Nui
TUV	Nukufetau
CAN	Nunavut
LBY	Nuqat_Al_Khams
AFG	Nuristan
KEN	Nyamira
KEN	Nyandarua
GAB	Nyanga
KEN	Nyeri
GIN	Nzerekore
MEX	Oaxaca
SVN	Obalnokraska
DJI	Obock
CHE	Obwalden
FRA	Occitanie
HND	Ocotepeque
KHM	Oddar_Meanchey
UKR	Odessa_Oblast
IND	Odisha
TLS	Oecusse
IRL	Offaly
GAB	Ogooue_Ivindo
GAB	Ogooue_Lolo
GAB	Ogooue_Maritime
NGA	Ogun
AZE	Oguz_Rayonu
NAM	Ohangwena_Region
USA	Ohio
GNB	Oio
JPN	Oita
JPN	Okayama
JPN	Okinawa
USA	Oklahoma
HND	Olancho
CZE	Olomouc_Region
ROU	Olt
NAM	Omaheke_Region
CAF	Ombella_M'Poko
MNG	Omnogovi
RUS	Omsk
NAM	Omusati_Region
NGA	Ondo
CAN	Ontario
POL	Opolskie
DZA	Oran
BLZ	Orange_Walk
AND	Ordino
TUR	Ordu
AZE	Ordubad_Rayonu
SWE	Orebro
USA	Oregon
ECU	Orellana
RUS	Orenburg
MAR	Oriental
MNG	Orkhon
PNG	Oro
ETH	Oromia
BOL	Oruro
RUS	Oryol
JPN	Osaka
KGZ	Osh_Region
NAM	Oshana_Region
NAM	Oshikoto_Region
HRV	Osijek_Baranja
NOR	Oslo
TUR	Osman?Ye
SVN	Osrednjeslovenska
SWE	Ostergotland
FIN	Ostrobothnia
NGA	Osun
NZL	Otago
VGB	Other_Islands
NAM	Otjozondjupa_Region
TCD	Ouaddai
CAF	Ouaka
MYT	Ouangani
DZA	Ouargla
LAO	Oudomxay
BEN	Oueme
CAF	Ouham
CAF	Ouham_Pende
DZA	Oum_El_Bouaghi
SYC	Outer_Isla
NLD	Overijssel
MNG	Ovorkhangai
NGA	Oyo
BMU	Paget
MYS	Pahang
FIN	Paijat_Hame
KHM	Pailin
AFG	Paktika
AFG	Paktya
WSM	Palauli
MYT	Pamandzi
MUS	Pamplemousses
BOL	Pando
LTU	Panevezys
AFG	Panjsher
CYP	Paphos
IDN	Papua
BRA	Para
PRY	Paraguari
BRA	Paraiba
SUR	Paramaribo
BRA	Parana
CZE	Pardubicky_Region
EST	Parnu_Maakond
BTN	Paro_District
AFG	Parwan
PER	Pasco
ECU	Pastaza
THA	Pathum_Thani_Province
THA	Pattani_Province
CPV	Paul
KAZ	Pavlodar_Region
FRA	Pays_De_La_Loire
URY	Paysandu
BGR	Pazardzhik
SRB	Pcinja_District
DOM	Pedernales
MKD	Pelagonia
PLW	Peleliu
GRC	Peloponisos_W._Greece_&_Ionian
BTN	Pemagatshel_District
MLT	Pembroke
TTO	Penal_Debe
VUT	Penama
MYS	Penang
TWN	Penghu
USA	Pennsylvania
RUS	Penza
MYS	Perak
DOM	Peravia
MYS	Perlis
RUS	Perm_Krai
BRA	Pernambuco
BGR	Pernik
HUN	Pest_Megye
GTM	Peten
MNE	Petnjica_Municipality
THA	Phangnga_Province
THA	Phatthalung_Province
THA	Phayao_Province
THA	Phetchabun_Province
THA	Phetchaburi_Province
THA	Phichit_Province
THA	Phitsanulok_Province
KHM	Phnom_Penh
KIR	Phoenix_Islands
LAO	Phongsaly
THA	Phra_Nakhon_Si_Ayutthaya_Province
THA	Phrae_Province
VNM	Phu_Tho
VNM	Phu_Yen
THA	Phuket_Province
BRA	Piaui
ECU	Pichincha
ITA	Piemonte
MLT	Pieta_
CUB	Pinar_Del_Rio
TWN	Pingtung_County
FIN	Pirkanmaa
SRB	Pirot_District
GUM	Piti
PER	Piura
MUS	Plaines_Wilhems
SYC	Plaisance
LIE	Planken
NGA	Plateau
BFA	Plateau_Central
COG	Plateaux
TGO	Plateaux_Region
MNE	Plav_Municipality
BGR	Pleven
MNE	Pljevlja_Municipality
BGR	Plovdiv
MNE	Plu?Ine_Municipality
CZE	Plzen_Region
HRV	Po?Ega_Slavonia
MNE	Podgorica_Municipality
POL	Podkarpackie
POL	Podlaskie
SVN	Podravska
SRB	Podunavlje_District
FSM	Pohnpei
TTO	Point_Fortin
GLP	Pointe_A_Pitre
SYC	Pointe_La
COG	Pointe_Noire
MKD	Polog
UKR	Poltava_Oblast
EST	Polva_Maakond
GUY	Pomeroon_Supenaam
SRB	Pomoravlje_District
POL	Pomorskie
SVN	Pomurska
COG	Pool
SYC	Port_Glaud
MUS	Port_Louis
TTO	Port_Of_Spain
EGY	Port_Said
PRT	Portalegre
JAM	Portland
PRT	Porto
CPV	Porto_Novo
VEN	Portuguesa
SVN	Posavska
GUY	Potaro_Siparuni
BOL	Potosi
THA	Prachin_Buri_Province
THA	Prachuap_Khiri_Khan_Province
CZE	Prague
ROU	Prahova
CPV	Praia
KHM	Preah_Sihanouk
KHM	Preah_Vihear
PRY	Presidente_Hayes
SVK	Presov
KHM	Prey_Veng
HRV	Primorje_Gorski_Kotar
SVN	Primorskonotranjska
RUS	Primorsky_Krai
CAN	Prince_Edward_Island
TTO	Princes_Town
STP	Principe_Province
FRA	Provence_Alpes_Cote_Dazur
NPL	Province_1
NPL	Province_2
NPL	Province_3
NPL	Province_4
NPL	Province_5
NPL	Province_6
NPL	Province_7
CRI	Provincia_Alajuela
CRI	Provincia_Cartago
PAN	Provincia_De_Bocas_Del_Toro
PAN	Provincia_De_Chiriqui
PAN	Provincia_De_Cocle
PAN	Provincia_De_Darien
PAN	Provincia_De_Herrera
PAN	Provincia_De_Los_Santos
PAN	Provincia_De_Panama
PAN	Provincia_De_Panama_Oeste
PAN	Provincia_De_Veraguas
CRI	Provincia_Guanacaste
CRI	Provincia_Heredia
CRI	Provincia_Limon
CRI	Provincia_Puntarenas
CRI	Provincia_San_Jose
RUS	Pskov
IND	Puducherry
MEX	Puebla
DOM	Puerto_Plata
USA	Puerto_Rico
ITA	Puglia
BTN	Punakha_District
IND	Punjab
PER	Puno
KHM	Pursat
MYS	Putrajaya
COL	Putumayo
TZA	Pwani
PRK	Pyongannam_Do
PRK	Pyongyang
AZE	Q?B?L?_Rayonu
LSO	Qacha'S_Nek_District
MLT	Qala
EGY	Qalyubia
UZB	Qashqadaryo_Region
AZE	Qax_Rayonu
AZE	Qazax_Rayonu
IRN	Qazvin
EGY	Qena
GRL	Qeqertalik
GRL	Qeqqata
CHN	Qinghai
AZE	Qobustan_Rayonu
IRN	Qom
MLT	Qormi
MLT	Qrendi
VNM	Quang_Binh
VNM	Quang_Nam
VNM	Quang_Ngai
VNM	Quang_Ninh
VNM	Quang_Tri
AZE	Quba_Rayonu
CAN	Quebec
AUS	Queensland
MEX	Queretaro
GTM	Quetzaltenango
GTM	Quiche
GNB	Quinara
COL	Quindio
MEX	Quintana_Roo
SYR	Quneitra
AZE	Qusar_Rayonu
LSO	Quthing_District
TUR	R?Ze
MLT	Ra?Al_?Did
MDV	Raa
MLT	Rabat
MAR	Rabat_Sale_Kenitra
GEO	Racha_Lechkhumi_And_Lower_Svaneti
BHS	Ragged_Island
MDA	Raionul_Anenii_Noi
MDA	Raionul_Basarabeasca
MDA	Raionul_Cahul
MDA	Raionul_Cantemir
MDA	Raionul_Criuleni
MDA	Raionul_Drochia
MDA	Raionul_Dubasari
MDA	Raionul_Falesti
MDA	Raionul_Glodeni
MDA	Raionul_Ialoveni
MDA	Raionul_Leova
MDA	Raionul_Nisporeni
MDA	Raionul_Orhei
MDA	Raionul_Rezina
MDA	Raionul_Singerei
MDA	Raionul_Soroca
MDA	Raionul_Ungheni
IND	Rajasthan
MDA	Rajon_Calarasi
MDA	Rajon_Causeni
MDA	Rajon_Cimislia
MDA	Rajon_Donduseni
MDA	Rajon_Edinet
MDA	Rajon_Floresti
MDA	Rajon_Hincesti
MDA	Rajon_Ocnita
MDA	Rajon_Riscani
MDA	Rajon_Soldanesti
MDA	Rajon_Stefan_Voda
MDA	Rajon_Straseni
MDA	Rajon_Telenesti
BGD	Rajshahi
MMR	Rakhine
BGD	Rangpur
THA	Ranong_Province
EST	Rapla_Maakond
ARE	Ras_Al_Khaimah
SRB	Rasina_District
SRB	Raska_District
PRK	Rason
KHM	Ratanakiri_Province
THA	Ratchaburi_Province
YEM	Raymah_Governorate
THA	Rayong_Province
IRN	Razavi_Khorasan
BGR	Razgrad
EGY	Red_Sea
SDN	Red_Sea_State
ATG	Redonda
PRT	Regiao_Autonoma_Da_Madeira
PRT	Regiao_Autonoma_Dos_Acores
CHL	Region_Aysen_Del_General_Carlos_Ibanez_Del_Campo
PHL	Region_I
PHL	Region_Ii
PHL	Region_Iii
PHL	Region_Iv_A
PHL	Region_Iv_B
PHL	Region_Ix
CHL	Region_Metropolitana_De_Santiago
XKX	Region_Of_Gjakova
PHL	Region_V
PHL	Region_Vi
PHL	Region_Vii
PHL	Region_Viii
PHL	Region_X
PHL	Region_Xi
PHL	Region_Xii
PHL	Region_Xiii
DZA	Relizane
SLB	Rennell_And_Bellona_Province
UZB	Republic_Of_Karakalpakstan
RUS	Republic_Of_Karelia
RUS	Republic_Of_Mordovia
BIH	Republika_Srpska
GTM	Retalhuleu
DEU	Rhineland_Palatinate
USA	Rhode_Island
IDN	Riau
IDN	Riau_Islands
CPV	Ribeira_Brava
CPV	Ribeira_Grande
CPV	Ribeira_Grande_De_Santiago
SYR	Rif_Dimashq
LVA	Riga_Region
TTO	Rio_Claro_Mayaro
BRA	Rio_De_Janeiro
BRA	Rio_Grande_Do_Norte
BRA	Rio_Grande_Do_Sul
ARG	Rio_Negro
NIC	Rio_San_Juan
COL	Risaralda
NIC	Rivas
LBR	River_Gee
SDN	River_Nile_State
URY	Rivera
LBR	Rivercess
NGA	Rivers
MUS	Riviere_Du_Rempart
UKR	Rivne_Oblast
SAU	Riyadh
MNE	Ro?Aje_Municipality
URY	Rocha
SYC	Roche_Caim
MUS	Rodrigues
NOR	Rogaland
THA	Roi_Et_Province
BRA	Rondonia
BRA	Roraima
IRL	Roscommon
RUS	Rostov
MNP	Rota
LIE	Ruggell
TZA	Rukwa
BHS	Rum_Cay
BGR	Ruse
BDI	Rutana
TZA	Ruvuma
BDI	Ruyigi
PRK	Ryanggang
RUS	Ryazan
TUR	S??Rt
AZE	S?D?R?K_Rayonu
AZE	S?Ki_Inzibati_?Razisi
AZE	S?Ki_Rayonu
AZE	S?Mkir_Rayonu
TUR	S?Nop
AZE	S?Rur_Rayonu
TUR	S?Vas
YEM	Sa'Dah_Governorate
THA	Sa_Kaeo_Province
EST	Saare_Maakond
DEU	Saarland
AZE	Saatli_Rayonu
BES	Saba
MYS	Sabah
LKA	Sabaragamuwa_Province
LBY	Sabha
AZE	Sabirabad_Rayonu
AZE	Sabran_Rayonu
GTM	Sacatepequez
MYT	Sada
MLT	Safi
JPN	Saga
MMR	Sagaing
AZE	Sahbuz_Rayonu
BFA	Sahel
DZA	Saida
JAM	Saint_Andrew
DMA	Saint_Andrew_Parish
JAM	Saint_Ann
KNA	Saint_Anne_Sandy_Point
BLM	Saint_Barthelemy
REU	Saint_Benoit
JAM	Saint_Catherine
GRD	Saint_David
DMA	Saint_David_Parish
REU	Saint_Denis
JAM	Saint_Elizabeth
BRB	Saint_George
BMU	Saint_George'S
KNA	Saint_George_Basseterre
KNA	Saint_George_Gingerland
BMU	Saint_George_Municipality
DMA	Saint_George_Parish
JAM	Saint_James
KNA	Saint_James_Windward
BRB	Saint_John
KNA	Saint_John_Capisterre
KNA	Saint_John_Figtree
DMA	Saint_John_Parish
BRB	Saint_Joseph
DMA	Saint_Joseph_Parish
MLT	Saint_Julian'S
GUF	Saint_Laurent_Du_Maroni
MLT	Saint_Lawrence
SYC	Saint_Loui
SEN	Saint_Louis
BRB	Saint_Lucy
DMA	Saint_Luke_Parish
GRD	Saint_Mark
DMA	Saint_Mark_Parish
MAF	Saint_Martin
JAM	Saint_Mary
KNA	Saint_Mary_Cayon
BRB	Saint_Michael
GRD	Saint_Patrick
DMA	Saint_Patrick_Parish
ATG	Saint_Paul
MLT	Saint_Paul'S_Bay
KNA	Saint_Paul_Capisterre
KNA	Saint_Paul_Charlestown
DMA	Saint_Paul_Parish
BRB	Saint_Peter
KNA	Saint_Peter_Basseterre
DMA	Saint_Peter_Parish
RUS	Saint_Petersburg
BRB	Saint_Philip
MTQ	Saint_Pierre
JAM	Saint_Thomas
KNA	Saint_Thomas_Lowland
KNA	Saint_Thomas_Middle_Island
MNP	Saipan
JPN	Saitama
TUR	Sakarya
RUS	Sakha_Republic
RUS	Sakhalin
THA	Sakon_Nakhon_Province
CPV	Sal
IRQ	Saladin
ROU	Salaj
TCD	Salamat
LAO	Salavan
ARG	Salta
URY	Salto
AZE	Salyan_Rayonu
AUT	Salzburg
DOM	Samana
AFG	Samangan
RUS	Samara
UZB	Samarqand_Region
AZE	Samaxi_Rayonu
KEN	Samburu
BTN	Samdrup_Jongkhar_District
GEO	Samegrelo_Upper_Svaneti
TUR	Samsun
BTN	Samtse_District
GEO	Samtskhe_Javakheti
THA	Samut_Prakan_Province
THA	Samut_Sakhon_Province
THA	Samut_Songkhram_Province
AZE	Samux_Rayonu
YEM	San?A?
YEM	San?A?_Governorate
DOM	San_Cristobal
TTO	San_Fernando
URY	San_Jose
DOM	San_Jose_De_Ocoa
ARG	San_Juan
TTO	San_Juan_Laventille
ARG	San_Luis
MEX	San_Luis_Potosi
GTM	San_Marcos
PER	San_Martin
SLV	San_Miguel
PRY	San_Pedro
DOM	San_Pedro_De_Macoris
BHS	San_Salvador
SLV	San_Vicente
SOM	Sanaag
DOM	Sanchez_Ramirez
CUB	Sancti_Spiritus
PNG	Sandaun
FRO	Sandoyar
BMU	Sandys
COG	Sangha
CAF	Sangha_Mbaere
TTO	Sangre_Grande
CHE	Sankt_Gallen
COD	Sankuru
VUT	Sanma
MLT	Sannat
AND	Sant_Julia_De_Loria
SLV	Santa_Ana
HND	Santa_Barbara
BRA	Santa_Catarina
CPV	Santa_Catarina_Do_Fogo
ARG	Santa_Cruz
ECU	Santa_Elena
ARG	Santa_Fe
MLT	Santa_Lucija
GUM	Santa_Rita
GTM	Santa_Rosa
MLT	Santa_Venera
COL	Santander
PRT	Santarem
DOM	Santiago
CUB	Santiago_De_Cuba
ARG	Santiago_Del_Estero
DOM	Santiago_Rodriguez
DOM	Santo_Domingo
ECU	Santo_Domingo_De_Los_Tsachilas
CPV	Sao_Domingos
CPV	Sao_Filipe
CPV	Sao_Lourenco_Dos_Orgaos
CPV	Sao_Miguel
BRA	Sao_Paulo
CPV	Sao_Salvador_Do_Mundo
STP	Sao_Tome_Province
CPV	Sao_Vicente
AFG	Sar_E_Pul
THA	Saraburi_Province
SUR	Saramacca
RUS	Saratov
MYS	Sarawak
ITA	Sardegna
BTN	Sarpang_District
CAN	Saskatchewan
CIV	Sassandra_Marahoue
FIN	Satakunta
ROU	Satu_Mare
THA	Satun_Province
WSM	Satupa'Itea
MDG	Sava
CIV	Savanes
TGO	Savanes_Region
LAO	Savannakhet
MUS	Savanne
SVN	Savinjska
DEU	Saxony
DEU	Saxony_Anhalt
LIE	Schaan
CHE	Schaffhausen
LIE	Schellenberg
DEU	Schleswig_Holstein
CHE	Schwyz
GBR	Scotland
SEN	Sedhiou
MLI	Segou
KOR	Sejong
MYS	Selangor
MNG	Selenge
IRN	Semnan
MLT	Senglea
SDN	Sennar_State
KOR	Seoul
BRA	Sergipe
GRL	Sermersooq
SMR	Serravalle
DZA	Setif
PRT	Setubal
UKR	Sevastopol
TUN	Sfax
CHN	Shaanxi
YEM	Shabwah_Governorate
MMR	Shan_(East)
MMR	Shan_(North)
MMR	Shan_(South)
CHN	Shandong
CHN	Shanghai
CHN	Shanxi
ARE	Sharjah
MDV	Shaviyani
VUT	Shefa_Province
JPN	Shiga
JPN	Shimane
TZA	Shinyanga
ARM	Shirak
SWZ	Shiselweni
JPN	Shizuoka
ALB	Shkoder_County
BGR	Shumen
MLT	Si??Iewi
THA	Si_Sa_Ket_Province
LTU	Siauliai
KEN	Siaya
HRV	Sibenik_Knin_County
ROU	Sibiu
CHN	Sichuan
ITA	Sicilia
DZA	Sidi_Bel_Abbes
TUN	Sidi_Bouzid
KHM	Siem_Reap
MLI	Sikasso
IND	Sikkim
TCD	Sila
TUN	Siliana
BGR	Silistra
PNG	Simbu
TZA	Simiyu
GUM	Sinajana
MEX	Sinaloa
PAK	Sindh
THA	Sing_Buri_Province
TZA	Singida
LBR	Sinoe
BES	Sint_Eustatius
SUR	Sipaliwini
TTO	Siparia
UZB	Sirdaryo_Region
LBY	Sirte
AZE	Sirvan_Inzibati_?Razisi
HRV	Sisak_Moslavina
IRN	Sistan_And_Baluchestan
AZE	Siy?Z?N_Rayonu
DNK	Sjaelland
SWE	Skane
DZA	Skikda
MKD	Skopje
POL	Slaskie
MLT	Sliema
IRL	Sligo
BGR	Sliven
BMU	Smiths
RUS	Smolensk
BGR	Smolyan
ETH	Snnpr
VNM	Soc_Trang
YEM	Socotra
MOZ	Sofala
MDG	Sofia
BGR	Sofia_City
EGY	Sohag
NGA	Sokoto
GTM	Solola
CHE	Solothurn
ETH	Somali
HUN	Somogy
VNM	Son_La
THA	Songkhla_Province
MEX	Sonora
SLV	Sonsonate
PLW	Sonsorol
SOM	Sool
URY	Soriano
SWE	Sormland
LCA	Soufriere
DZA	Souk_Ahras
MAR	Souss_Massa
TUN	Sousse
CMR	South
BHS	South_Abaco
BHS	South_Andros
NIC	South_Atlantic_Autonomous_Region
AUS	South_Australia
SRB	South_Backa_District
SRB	South_Banat_District
USA	South_Carolina
USA	South_Dakota
SDN	South_Darfur_State
ISR	South_District
BWA	South_East_District
BHS	South_Eleuthera
IDN	South_Kalimantan
FIN	South_Karelia
KAZ	South_Kazakhstan_Region
IRN	South_Khorasan
COD	South_Kivu
SDN	South_Kordofan_State
LBN	South_Lebanon_Governorate
GEO	South_Ossetia
FIN	South_Ostrobothnia
TZA	South_Pemba
EGY	South_Sinai
IDN	South_Sulawesi
IDN	South_Sumatra
BMU	Southampton
MKD	Southeast
IDN	Southeast_Sulawesi
BWA	Southern_District
BHR	Southern_Governorate
GRD	Southern_Grenadine_Islands
PNG	Southern_Highlands
ISL	Southern_Peninsula
RWA	Southern_Province
ERI	Southern_Red_Sea_Region
MWI	Southern_Region
FIN	Southern_Savonia
NZL	Southland
CMR	Southwest
BHS	Spanish_Wells
IDN	Special_Region_Of_Yogyakarta
HRV	Split_Dalmatia_County
BLZ	Stann_Creek
BGR	Stara_Zagora
MEX	State_Of_Mexico
RUS	Stavropol_Krai
SWE	Stockholm
CZE	Stredocesky_Region
FRO	Streymoyar
KHM	Stung_Treng
AUT	Styria
ROU	Suceava
GTM	Suchitepequez
VEN	Sucre
ECU	Sucumbios
HTI	Sud_Department
BFA	Sud_Ouest
COD	Sud_Ubangi
EGY	Suez
TJK	Sughd_Region
MNG	Sukhbaatar
THA	Sukhothai_Province
IRQ	Sulaymaniyah
SRB	Sumadija_District
AZE	Sumqayit_Inzibati_?Razisi
UKR	Sumy_Oblast
THA	Suphan_Buri_Province
THA	Surat_Thani_Province
THA	Surin_Province
UZB	Surxondaryo_Region
FRO	Suðuroyar
KHM	Svay_Rieng
RUS	Sverdlovsk
MLT	Swieqi
POL	Swietokrzyskie
DNK	Syddanmark
BGD	Sylhet
SRB	Syrmia_District
ARM	Syunik
HUN	Szabolcs_Szatmar_Bereg
AZE	T?Rt?R_Rayonu
YEM	Ta'Izz_Governorate
MLT	Ta'_Xbiex
MEX	Tabasco
TZA	Tabora
SAU	Tabuk
VEN	Tachira
PER	Tacna
URY	Tacuarembo
DJI	Tadjourah
VUT	Tafea
JOR	Tafilah
MRT	Tagant
NER	Tahoua
TWN	Taichung
TWN	Tainan
TWN	Taipei
KEN	Taita_Taveta
TWN	Taitung_County
THA	Tak_Province
SYC	Takamaka
KHM	Takeo
AFG	Takhar
KGZ	Talas_Region
GUM	Talofofo
DZA	Tamanrasset
MEX	Tamaulipas
SEN	Tambacounda
RUS	Tambov
IND	Tamil_Nadu
GUM	Tamuning
KEN	Tana_River
TCD	Tandjile
TZA	Tanga
COD	Tanganyika
MAR	Tangier_Tetouan_Al_Hoceima
MMR	Tanintharyi
TWN	Taoyuan
NGA	Taraba
MDA	Taraclia_District
NZL	Taranaki
CHL	Tarapaca
BGR	Targovishte
BOL	Tarija
CPV	Tarrafal
CPV	Tarrafal_De_Sao_Nicolau
EST	Tartu_Maakond
SYR	Tartus
MLT	Tarxien
UZB	Tashkent
UZB	Tashkent_Region
NZL	Tasman
AUS	Tasmania
TUN	Tataouine
RUS	Tatarstan
LTU	Taurage
FIN	Tavastia_Proper
ARM	Tavush
VNM	Tay_Ninh
GEO	Tbilisi
KHM	Tbong_Khmum
DZA	Tebessa
IRN	Tehran
TUR	Tek?Rda?
ISR	Tel_Aviv
IND	Telangana
ROU	Teleorman
LTU	Telsiai
BRN	Temburong
SLB	Temotu_Province
USA	Tennessee
MYS	Terengganu
UKR	Ternopil_Oblast
MOZ	Tete
USA	Texas
MDV	Thaa
LSO	Thaba_Tseka_District
VNM	Thai_Binh
VNM	Thai_Nguyen
VNM	Thanh_Hoa
KEN	Tharaka_Nithi
GRC	Thessalia_Central_Greece
SEN	Thies
BTN	Thimphu_District
VNM	Thua_Thien___Hue
CHE	Thurgau
DEU	Thuringia
CHN	Tianjin
DZA	Tiaret
TCD	Tibesti
CHN	Tibet_Autonomous_Region
CHE	Ticino
VNM	Tien_Giang
ARG	Tierra_Del_Fuego
ETH	Tigray
NER	Tillabery
ROU	Timis
DZA	Tindouf
MNP	Tinian
DZA	Tipaza
IRL	Tipperary
ALB	Tirana_County
MRT	Tiris_Zemmour
DZA	Tissemsilt
MNE	Tivat_Municipality
DZA	Tizi_Ouzou
MEX	Tlaxcala
DZA	Tlemcen
TTO	Tobago
BRA	Tocantins
JPN	Tochigi
SOM	Togdheer
TUR	Tokat
JPN	Tokushima
JPN	Tokyo
BLZ	Toledo
COL	Tolima
HUN	Tolna
GNB	Tombali
MLI	Tombouctou
RUS	Tomsk
TON	Tongatapu
SRB	Toplica_District
VUT	Torba
VGB	Tortola
ITA	Toscana
GTM	Totonicapan
JPN	Tottori
MNG	Tov
AZE	Tovuz_Rayonu
JPN	Toyama
TUN	Tozeur
VNM	Tp._Ho_Chi_Minh
VNM	Tra_Vinh
TUR	Trabzon
THA	Trang_Province
KEN	Trans_Nzoia
MDA	Transnistria
MRT	Trarza
BTN	Trashigang_District
BTN	Trashiyangtse_District
THA	Trat_Province
URY	Treinta_Y_Tres
JAM	Trelawny
SVK	Trencin
ITA	Trentino_Alto_Adige
LIE	Triesen
LIE	Triesenberg
KNA	Trinity_Palmetto_Point
LBY	Tripoli
IND	Tripura
SVK	Trnava
NOR	Troms_Og_Finnmark
NOR	Trondelag
BTN	Trongsa_District
VEN	Trujillo
COD	Tshopo
COD	Tshuapa
MYT	Tsingoni
BTN	Tsirang_District
WSM	Tuamasaga
ARG	Tucuman
RUS	Tula
ROU	Tulcea
PER	Tumbes
TTO	Tunapuna_Piarco
TUR	Tuncel?
ECU	Tungurahua
TUN	Tunis
KEN	Turkana
BRN	Tutong
RUS	Tuva
VNM	Tuyen_Quang
RUS	Tver
AUT	Tyrol
RUS	Tyumen
TUR	U?Ak
NRU	Uaeboe
KEN	Uasin_Gishu
THA	Ubon_Ratchathani_Province
AZE	Ucar_Rayonu
PER	Ucayali
RUS	Udmurtia
THA	Udon_Thani_Province
AGO	Uige
MHL	Ujae
MNG	Ulaanbaatar
MNE	Ulcinj_Municipality
KOR	Ulsan
RUS	Ulyanovsk
GUM	Umatac
ITA	Umbria
ARE	Umm_Al_Quwain
QAT	Umm_Slal
IND	Union_Territory_Of_Dadra_&_Nagar_Haveli
SYR	United_Nations_Disengagement_Observer_Force
USA	United_States_Virgin_Islands
SSD	Unity
AUT	Upper_Austria
GUY	Upper_Demerara_Berbice
GHA	Upper_East
SSD	Upper_Nile
GUY	Upper_Takutu_Upper_Essequibo
COD	Upper_Uele
GHA	Upper_West
SWE	Uppsala
CHE	Uri
AFG	Uruzgan
CZE	Ustecky_Region
SLV	Usulutan
USA	Utah
LTU	Utena
THA	Uthai_Thani_Province
MHL	Utirik
NLD	Utrecht
IND	Uttar_Pradesh
THA	Uttaradit_Province
IND	Uttarakhand
FIN	Uusimaa
LKA	Uva_Province
MNG	Uvs
WSM	Va'A_O_Fonoti
LIE	Vaduz
FRO	Vagø
WSM	Vaisigano
TUV	Vaitupu
CAF	Vakaga
MDG	Vakinankaratra
CHE	Valais
ROU	Valcea
EST	Valga_Maakond
HND	Valle
ITA	Valle_D'Aosta
COL	Valle_Del_Cauca
CIV	Valle_Du_Bandama
MLT	Valletta
CHL	Valparaiso
DOM	Valverde
TUR	Van
HRV	Vara?Din
MKD	Vardar
VEN	Vargas
SWE	Varmland
BGR	Varna
HUN	Vas
ROU	Vaslui
SWE	Vasterbotten
SWE	Vasternorrland
SWE	Vastmanland
SWE	Vastra_Gotaland
MDG	Vatovavy_Fitovinany
CHE	Vaud
COL	Vaupes
TON	Vava'U
ARM	Vayots_Dzor
BGR	Veliko_Tarnovo
ITA	Veneto
MEX	Veracruz
USA	Vermont
NOR	Vestfold_Og_Telemark
NOR	Vestland
HUN	Veszprem
PRT	Viana_Do_Castelo
COL	Vichada
MLT	Victoria
BGR	Vidin
LVA	Vidzeme_Region
AUT	Vienna
LAO	Vientiane
LAO	Vientiane_Capital
LCA	Vieux_Fort
KEN	Vihiga
NOR	Viken
PRT	Vila_Real
EST	Viljandi_Maakond
CUB	Villa_Clara
LTU	Vilnius
VNM	Vinh_Long
VNM	Vinh_Phuc
UKR	Vinnytsia_Oblast
TLS	Viqueque
VGB	Virgin_Gorda
USA	Virginia
HRV	Virovitica_Podravina
PRT	Viseu
BLR	Vitebsk_Region
RUS	Vladimir
ALB	Vlore_County
RUS	Volgograd
RUS	Vologda
GHA	Volta
UKR	Volyn_Oblast
AUT	Vorarlberg
RUS	Voronezh
EST	Voru_Maakond
ROU	Vrancea
BGR	Vratsa
HRV	Vukovar_Syrmia
LBY	Wadi_Al_Hayaa
LBY	Wadi_Al_Shatii
TCD	Wadi_Fira
NZL	Waikato
KEN	Wajir
JPN	Wakayama
GBR	Wales
BEL	Wallonia
BTN	Wangdue_Phodrang_District
SUR	Wanica
AFG	Wardak
POL	Warminsko_Mazurskie
SSD	Warrap
BMU	Warwick
USA	Washington
IRQ	Wasit
IRL	Waterford
GNQ	Wele_Nzas_Province
NZL	Wellington
CMR	West
IRN	West_Azerbaijan
SRB	West_Backa_District
PSE	West_Bank
CYM	West_Bay
IND	West_Bengal
NZL	West_Coast
SDN	West_Darfur_State
BHS	West_Grand_Bahama
IDN	West_Java
IDN	West_Kalimantan
KAZ	West_Kazakhstan_Region
SDN	West_Kurdufan
PNG	West_New_Britain
IDN	West_Nusa_Tenggara
IDN	West_Papua
KEN	West_Pokot
SGP	West_Region
IDN	West_Sulawesi
IDN	West_Sumatra
USA	West_Virginia
FJI	Western
SLE	Western_Area
AUS	Western_Australia
SSD	Western_Bahr_El_Ghazal
ZAF	Western_Cape
SSD	Western_Equatoria
PNG	Western_Highlands
RWA	Western_Province
UGA	Western_Region
ISL	Westfjords
IRL	Westmeath
JAM	Westmoreland
IRL	Wexford
SDN	White_Nile_State
IRL	Wicklow
POL	Wielkopolska
USA	Wisconsin
GAB	Woleu_Ntem
SOM	Woqooyi_Galbeed
CIV	Woroba
MHL	Wotho
MHL	Wotje
USA	Wyoming
AZE	Xa_Maz_Rayonu
MLT	Xaghra
LAO	Xaignabouli
LAO	Xaisomboun
LAO	Xekong
MLT	Xewkija
MLT	Xg?Ajra
LAO	Xiangkhouang
CHN	Xinjiang
AZE	Xizi_Rayonu
AZE	Xocav?Nd_Rayonu
UZB	Xorazm_Region
THA	Yala_Province
TUR	Yalova
JPN	Yamagata
JPN	Yamaguchi
RUS	Yamalo_Nenets_Autonomous_Okrug
JPN	Yamanashi
BGR	Yambol
MMR	Yangon
FSM	Yap
VEN	Yaracuy
AZE	Yardimli_Rayonu
RUS	Yaroslavl
THA	Yasothon_Province
IRN	Yazd
VNM	Yen_Bai
ARM	Yerevan
AZE	Yevlax_Inzibati_?Razisi
AZE	Yevlax_Rayonu
GUM	Yigo
TWN	Yilan_County
NGA	Yobe
GUM	Yona
HND	Yoro
TUR	Yozgat
MEX	Yucatan
CAN	Yukon
TWN	Yunlin_County
CHN	Yunnan
AZE	Z?Rdab_Rayonu
RUS	Zabaykalsky_Krai
MLT	Zabbar
AFG	Zabul
GTM	Zacapa
MEX	Zacatecas
POL	Zachodniopomorskie
HRV	Zadar_County
TUN	Zaghouan
HRV	Zagreb
AGO	Zaire
SRB	Zajecar_District
UKR	Zakarpattia_Oblast
HUN	Zala
NAM	Zambezi_Region
MOZ	Zambezia
NGA	Zamfara
ECU	Zamora_Chinchipe
IRN	Zanjan
CIV	Zanzan
TZA	Zanzibar_North
TZA	Zanzibar_South_&_Central
TZA	Zanzibar_Urban/West
UKR	Zaporizhia_Oblast
AZE	Zaqatala_Rayonu
JOR	Zarqa
SVN	Zasavska
MNG	Zavkhan
LBY	Zawiya
MLT	Zebbug
NLD	Zeeland
LVA	Zemgale_Region
CHN	Zhejiang
BTN	Zhemgang_District
UKR	Zhytomyr_Oblast
SEN	Ziguinchor
SVK	Zilina
NER	Zinder
SRB	Zlatibor_District
CZE	Zlinsky_Region
ECU	Zona_No_Delimitada
TUR	Zonguldak
BEN	Zou
CHE	Zug
NLD	Zuid_Holland
VEN	Zulia
CHE	Zurich
